Major,Industry
Accounting,Banking (Commercial)
Accounting,Financial Services (excl banks)
Accounting,Government/Nonprofit/Law
Finance,Banking (Investment)
Finance,Banking (Commercial)
Finance,Consulting
International Business,Government/Nonprofit/Law
International Business,Pharma/Health
International Business,Consulting
Management,Communications/Marketing
Management,Consulting
Management,Consumer Goods/Retail
Marketing,Consumer Goods/Retail
Marketing,Communications/Marketing
Marketing,Technology/Internet
Management Information Systems,Technology/Internet
Management Information Systems,Consulting
Management Information Systems,Banking (Commercial)
Supply Chain Management,Consumer Goods/Retail
Supply Chain Management,Automotive/Transportation
Supply Chain Management,Manufacturing/Construction